{
    "avg": {
        "wmc": 53.82,
        "ccn": 45.16,
        "bugs": 1.34,
        "kanDefect": 2.72,
        "relativeSystemComplexity": 1423.74,
        "relativeDataComplexity": 3.14,
        "relativeStructuralComplexity": 1420.6,
        "volume": 4019.66,
        "commentWeight": 42.31,
        "intelligentContent": 121.17,
        "lcom": 3.32,
        "instability": 0.57,
        "afferentCoupling": 2.13,
        "efferentCoupling": 3.15,
        "difficulty": 30.55,
        "mi": 76.23,
        "distance": 0.23,
        "incomingCDep": 9.26,
        "incomingPDep": 3.77,
        "outgoingCDep": 8.9,
        "outgoingPDep": 3.77,
        "classesPerPackage": 7
    },
    "sum": {
        "loc": 74251,
        "cloc": 29410,
        "lloc": 44834,
        "nbMethods": 1980,
        "nbClasses": 205,
        "nbInterfaces": 7,
        "nbPackages": 31,
        "violations": {
            "total": 294,
            "information": 56,
            "warning": 111,
            "error": 127,
            "critical": 0
        }
    }
}